{
  "Component-preload.js": 1711014896161,
  "manifest.json": 1711014895758,
  "model/models.js": 1709040072114,
  "controller/Main.controller.js": 1711006519848,
  "controller/App.controller.js": 1709040072118,
  "Component.js": 1709040072106,
  "i18n/i18n.properties": 1709040087666,
  "controller/Main-dbg.controller.js": 1711006519848,
  "model/models-dbg.js": 1709040072114,
  "controller/App-dbg.controller.js": 1709040072118,
  "Component-dbg.js": 1709040072106,
  "view/Main.view.xml": 1711005228938,
  "view/App.view.xml": 1709040072122,
  "css/style.css": 1709040072118,
  "index.html": 1709040072106
}