{
  "view/Main.view.xml": 1710829100514,
  "manifest.json": 1710940656574,
  "model/models.js": 1709040072114,
  "controller/Main.controller.js": 1710933654133,
  "controller/App.controller.js": 1709040072118,
  "Component.js": 1709040072106,
  "Component-preload.js": 1710940656864,
  "model/models-dbg.js": 1709040072114,
  "controller/Main-dbg.controller.js": 1710933654133,
  "controller/App-dbg.controller.js": 1709040072118,
  "Component-dbg.js": 1709040072106,
  "i18n/i18n.properties": 1709040087666,
  "view/App.view.xml": 1709040072122,
  "css/style.css": 1709040072118,
  "index.html": 1709040072106
}